{
  "model/models-dbg.js.map": 1741956343585,
  "manifest.json": 1741956343291,
  "model/models.ts": 1741611770557,
  "controller/View1.controller.ts": 1741611852585,
  "controller/App.controller.ts": 1741611770561,
  "Component.ts": 1741611770557,
  "controller/View1.controller.js.map": 1741956343700,
  "model/models.js.map": 1741956343698,
  "controller/App.controller.js.map": 1741956343697,
  "Component.js.map": 1741956343699,
  "controller/View1.controller.js": 1741956343571,
  "model/models.js": 1741956343571,
  "controller/App.controller.js": 1741956343571,
  "Component.js": 1741956343571,
  "controller/App-dbg.controller.js": 1741956343571,
  "controller/App-dbg.controller.js.map": 1741956343581,
  "model/models-dbg.js": 1741956343571,
  "i18n/i18n.properties": 1741611770553,
  "controller/View1-dbg.controller.js": 1741956343571,
  "controller/View1-dbg.controller.js.map": 1741956343586,
  "Component-dbg.js": 1741956343571,
  "Component-dbg.js.map": 1741956343586,
  "Component-preload.js": 1741956343762,
  "Component-preload.js.map": 1741956343762,
  "view/View1.view.xml": 1741611873325,
  "view/App.view.xml": 1741611770561,
  "css/style.css": 1741611770561,
  "index.html": 1741611770549
}