{
  "controller/View1.controller.ts": 1741611852585,
  "manifest.json": 1741782509596,
  "model/models.ts": 1741611770557,
  "i18n/i18n.properties": 1741611770553,
  "controller/App.controller.ts": 1741611770561,
  "Component.ts": 1741611770557,
  "Component.js.map": 1741782509992,
  "controller/View1.controller.js.map": 1741782509994,
  "controller/App.controller.js.map": 1741782509991,
  "model/models.js.map": 1741782509992,
  "Component.js": 1741782509879,
  "controller/View1.controller.js": 1741782509879,
  "controller/App.controller.js": 1741782509879,
  "model/models.js": 1741782509879,
  "Component-dbg.js": 1741782509879,
  "Component-dbg.js.map": 1741782509890,
  "controller/View1-dbg.controller.js": 1741782509879,
  "controller/View1-dbg.controller.js.map": 1741782509893,
  "controller/App-dbg.controller.js": 1741782509879,
  "controller/App-dbg.controller.js.map": 1741782509894,
  "model/models-dbg.js": 1741782509879,
  "model/models-dbg.js.map": 1741782509894,
  "Component-preload.js": 1741782510053,
  "Component-preload.js.map": 1741782510053,
  "view/View1.view.xml": 1741611873325,
  "view/App.view.xml": 1741611770561,
  "css/style.css": 1741611770561,
  "index.html": 1741611770549
}