{
  "service/dataService-dbg.js.map": 1743167380359,
  "manifest.json": 1743167379925,
  "service/dataService.ts": 1743165500008,
  "model/models.ts": 1740403493327,
  "controller/Overview.controller.ts": 1743167318993,
  "controller/App.controller.ts": 1740403493339,
  "Component.ts": 1741962763282,
  "service/dataService.js.map": 1743167380485,
  "model/models.js.map": 1743167380505,
  "controller/Overview.controller.js.map": 1743167380553,
  "controller/App.controller.js.map": 1743167380488,
  "Component.js.map": 1743167380489,
  "service/dataService.js": 1743167380348,
  "model/models.js": 1743167380348,
  "controller/Overview.controller.js": 1743167380348,
  "controller/App.controller.js": 1743167380348,
  "Component.js": 1743167380348,
  "service/dataService-dbg.js": 1743167380348,
  "i18n/i18n.properties": 1740403493323,
  "model/models-dbg.js": 1743167380348,
  "model/models-dbg.js.map": 1743167380362,
  "controller/Overview-dbg.controller.js": 1743167380348,
  "controller/Overview-dbg.controller.js.map": 1743167380363,
  "controller/App-dbg.controller.js": 1743167380348,
  "controller/App-dbg.controller.js.map": 1743167380363,
  "Component-dbg.js": 1743167380348,
  "Component-dbg.js.map": 1743167380364,
  "Component-preload.js": 1743167380635,
  "Component-preload.js.map": 1743167380635,
  "view/fragment/grouptable.fragment.xml": 1742565276933,
  "view/Overview.view.xml": 1743166956000,
  "view/App.view.xml": 1740403493339,
  "css/style.css": 1740403493339,
  "index.html": 1740403493323
}