{
  "service/dataService-dbg.js": 1756294665705,
  "manifest.json": 1756294665025,
  "service/dataService.ts": 1755605523828,
  "service/exportService.ts": 1754479717736,
  "model/models.ts": 1754479717736,
  "controller/Overview.controller.ts": 1756215375090,
  "controller/App.controller.ts": 1754479717732,
  "Component.ts": 1754479717732,
  "service/exportService.js.map": 1756294666187,
  "service/dataService.js.map": 1756294666231,
  "model/models.js.map": 1756294666155,
  "controller/Overview.controller.js.map": 1756294666269,
  "controller/App.controller.js.map": 1756294666162,
  "Component.js.map": 1756294666170,
  "service/exportService.js": 1756294665705,
  "service/dataService.js": 1756294665705,
  "model/models.js": 1756294665706,
  "controller/Overview.controller.js": 1756294665706,
  "controller/App.controller.js": 1756294665706,
  "Component.js": 1756294665706,
  "model/models-dbg.js": 1756294665706,
  "model/models-dbg.js.map": 1756294665723,
  "i18n/i18n.properties": 1754479717736,
  "service/dataService-dbg.js.map": 1756294665729,
  "service/exportService-dbg.js": 1756294665705,
  "service/exportService-dbg.js.map": 1756294665729,
  "controller/Overview-dbg.controller.js": 1756294665706,
  "controller/Overview-dbg.controller.js.map": 1756294665730,
  "controller/App-dbg.controller.js": 1756294665706,
  "controller/App-dbg.controller.js.map": 1756294665731,
  "Component-dbg.js": 1756294665706,
  "Component-dbg.js.map": 1756294665731,
  "Component-preload.js": 1756294666450,
  "Component-preload.js.map": 1756294666450,
  "view/fragments/UserTable.fragment.xml": 1756212856661,
  "view/fragments/UserDetails.fragment.xml": 1756215245462,
  "view/fragments/RoleCollections.fragment.xml": 1756214346931,
  "view/fragments/GroupTable.fragment.xml": 1756212911029,
  "view/fragments/GroupDetails.fragment.xml": 1756215287686,
  "view/Overview.view.xml": 1756201807734,
  "view/App.view.xml": 1754479717736,
  "css/style.css": 1754479717732,
  "index.html": 1754479717736
}