{
  "service/dataService-dbg.js": 1751023977989,
  "manifest.json": 1751023977587,
  "controller/Overview.controller.ts": 1750837981225,
  "service/exportService.ts": 1750667631798,
  "service/dataService.ts": 1750837582142,
  "model/models.ts": 1750667631798,
  "service/testService.ts": 1750667631798,
  "controller/App.controller.ts": 1750667631798,
  "Component.ts": 1750667631798,
  "controller/App.controller.js.map": 1751023978161,
  "service/exportService.js.map": 1751023978180,
  "service/dataService.js.map": 1751023978177,
  "model/models.js.map": 1751023978158,
  "service/testService.js.map": 1751023978158,
  "controller/Overview.controller.js.map": 1751023978191,
  "Component.js.map": 1751023978164,
  "controller/App.controller.js": 1751023977989,
  "service/exportService.js": 1751023977989,
  "service/dataService.js": 1751023977989,
  "model/models.js": 1751023977989,
  "service/testService.js": 1751023977989,
  "controller/Overview.controller.js": 1751023977989,
  "Component.js": 1751023977989,
  "service/testService-dbg.js": 1751023977989,
  "service/testService-dbg.js.map": 1751023977998,
  "service/exportService-dbg.js": 1751023977989,
  "service/exportService-dbg.js.map": 1751023978001,
  "i18n/i18n.properties": 1750667631798,
  "service/dataService-dbg.js.map": 1751023978002,
  "model/models-dbg.js": 1751023977989,
  "model/models-dbg.js.map": 1751023978002,
  "controller/App-dbg.controller.js": 1751023977989,
  "controller/App-dbg.controller.js.map": 1751023978002,
  "controller/Overview-dbg.controller.js": 1751023977989,
  "controller/Overview-dbg.controller.js.map": 1751023978003,
  "Component-dbg.js": 1751023977989,
  "Component-dbg.js.map": 1751023978003,
  "Component-preload.js": 1751023978310,
  "Component-preload.js.map": 1751023978310,
  "view/fragment/grouptable.fragment.xml": 1750667631798,
  "view/Overview.view.xml": 1750834710864,
  "view/App.view.xml": 1750667631798,
  "css/style.css": 1750667631798,
  "index.html": 1750667631798
}