{
  "model/models-dbg.js.map": 1742399448098,
  "manifest.json": 1742399447749,
  "controller/Overview.controller.ts": 1742388380142,
  "model/models.ts": 1740403493327,
  "service/dataService.ts": 1741961081152,
  "controller/App.controller.ts": 1740403493339,
  "Component.ts": 1741962763282,
  "model/models.js.map": 1742399448204,
  "controller/Overview.controller.js.map": 1742399448232,
  "service/dataService.js.map": 1742399448199,
  "controller/App.controller.js.map": 1742399448205,
  "Component.js.map": 1742399448206,
  "model/models.js": 1742399448083,
  "controller/Overview.controller.js": 1742399448083,
  "service/dataService.js": 1742399448083,
  "controller/App.controller.js": 1742399448083,
  "Component.js": 1742399448083,
  "service/dataService-dbg.js": 1742399448083,
  "service/dataService-dbg.js.map": 1742399448095,
  "controller/Overview-dbg.controller.js": 1742399448083,
  "controller/Overview-dbg.controller.js.map": 1742399448097,
  "model/models-dbg.js": 1742399448083,
  "i18n/i18n.properties": 1740403493323,
  "controller/App-dbg.controller.js": 1742399448083,
  "controller/App-dbg.controller.js.map": 1742399448098,
  "Component-dbg.js": 1742399448083,
  "Component-dbg.js.map": 1742399448099,
  "Component-preload.js": 1742399448303,
  "Component-preload.js.map": 1742399448303,
  "view/Overview.view.xml": 1742394898539,
  "view/App.view.xml": 1740403493339,
  "css/style.css": 1740403493339,
  "index.html": 1740403493323
}