{
  "controller/Overview.controller.js.map": 1742219690970,
  "manifest.json": 1742219690363,
  "model/models.ts": 1740403493327,
  "service/dataService.ts": 1741961081152,
  "controller/Overview.controller.ts": 1742219625110,
  "controller/App.controller.ts": 1740403493339,
  "Component.ts": 1741962763282,
  "Component.js.map": 1742219690952,
  "service/dataService.js.map": 1742219690963,
  "i18n/i18n.properties": 1740403493323,
  "controller/App.controller.js.map": 1742219690953,
  "model/models.js.map": 1742219690956,
  "Component.js": 1742219690755,
  "service/dataService.js": 1742219690755,
  "controller/Overview.controller.js": 1742219690755,
  "controller/App.controller.js": 1742219690755,
  "model/models.js": 1742219690755,
  "controller/App-dbg.controller.js": 1742219690755,
  "controller/App-dbg.controller.js.map": 1742219690766,
  "service/dataService-dbg.js": 1742219690755,
  "service/dataService-dbg.js.map": 1742219690769,
  "controller/Overview-dbg.controller.js": 1742219690755,
  "controller/Overview-dbg.controller.js.map": 1742219690770,
  "Component-dbg.js": 1742219690755,
  "Component-dbg.js.map": 1742219690770,
  "model/models-dbg.js": 1742219690755,
  "model/models-dbg.js.map": 1742219690770,
  "Component-preload.js": 1742219691078,
  "Component-preload.js.map": 1742219691078,
  "view/Overview.view.xml": 1741968475021,
  "view/App.view.xml": 1740403493339,
  "css/style.css": 1740403493339,
  "index.html": 1740403493323
}