{
  "view/fragments/RoleCollections.fragment.xml": 1756214346931,
  "manifest.json": 1756216251236,
  "model/models.ts": 1754479717736,
  "service/exportService.ts": 1754479717736,
  "service/dataService.ts": 1755605523828,
  "controller/Overview.controller.ts": 1756215375090,
  "controller/App.controller.ts": 1754479717732,
  "Component.ts": 1754479717732,
  "model/models.js.map": 1756216252256,
  "service/exportService.js.map": 1756216252317,
  "service/dataService.js.map": 1756216252315,
  "controller/Overview.controller.js.map": 1756216252347,
  "controller/App.controller.js.map": 1756216252251,
  "Component.js.map": 1756216252263,
  "model/models.js": 1756216251931,
  "service/exportService.js": 1756216251931,
  "service/dataService.js": 1756216251932,
  "controller/Overview.controller.js": 1756216251932,
  "controller/App.controller.js": 1756216251932,
  "Component.js": 1756216251932,
  "controller/App-dbg.controller.js": 1756216251932,
  "controller/App-dbg.controller.js.map": 1756216251946,
  "service/exportService-dbg.js": 1756216251931,
  "service/exportService-dbg.js.map": 1756216251950,
  "service/dataService-dbg.js": 1756216251932,
  "service/dataService-dbg.js.map": 1756216251951,
  "controller/Overview-dbg.controller.js": 1756216251932,
  "controller/Overview-dbg.controller.js.map": 1756216251952,
  "model/models-dbg.js": 1756216251931,
  "model/models-dbg.js.map": 1756216251952,
  "Component-dbg.js": 1756216251932,
  "Component-dbg.js.map": 1756216251952,
  "Component-preload.js": 1756216252489,
  "Component-preload.js.map": 1756216252489,
  "view/fragments/UserTable.fragment.xml": 1756212856661,
  "view/fragments/UserDetails.fragment.xml": 1756215245462,
  "i18n/i18n.properties": 1754479717736,
  "view/fragments/GroupTable.fragment.xml": 1756212911029,
  "view/fragments/GroupDetails.fragment.xml": 1756215287686,
  "view/Overview.view.xml": 1756201807734,
  "view/App.view.xml": 1754479717736,
  "css/style.css": 1754479717732,
  "index.html": 1754479717736
}