{
  "service/dataService.js": 1750838170947,
  "manifest.json": 1750838170548,
  "service/exportService.ts": 1750667631798,
  "service/testService.ts": 1750667631798,
  "service/dataService.ts": 1750837582142,
  "model/models.ts": 1750667631798,
  "controller/Overview.controller.ts": 1750837981225,
  "controller/App.controller.ts": 1750667631798,
  "Component.ts": 1750667631798,
  "service/testService.js.map": 1750838171082,
  "service/exportService.js.map": 1750838171099,
  "service/dataService.js.map": 1750838171099,
  "model/models.js.map": 1750838171079,
  "controller/Overview.controller.js.map": 1750838171112,
  "controller/App.controller.js.map": 1750838171085,
  "Component.js.map": 1750838171088,
  "service/testService.js": 1750838170947,
  "service/exportService.js": 1750838170947,
  "i18n/i18n.properties": 1750667631798,
  "model/models.js": 1750838170947,
  "controller/Overview.controller.js": 1750838170947,
  "controller/App.controller.js": 1750838170947,
  "Component.js": 1750838170947,
  "service/testService-dbg.js": 1750838170947,
  "service/testService-dbg.js.map": 1750838170956,
  "service/exportService-dbg.js": 1750838170947,
  "service/exportService-dbg.js.map": 1750838170959,
  "service/dataService-dbg.js": 1750838170947,
  "service/dataService-dbg.js.map": 1750838170960,
  "model/models-dbg.js": 1750838170947,
  "model/models-dbg.js.map": 1750838170960,
  "controller/Overview-dbg.controller.js": 1750838170947,
  "controller/Overview-dbg.controller.js.map": 1750838170960,
  "controller/App-dbg.controller.js": 1750838170947,
  "controller/App-dbg.controller.js.map": 1750838170960,
  "Component-dbg.js": 1750838170947,
  "Component-dbg.js.map": 1750838170960,
  "Component-preload.js": 1750838171195,
  "Component-preload.js.map": 1750838171195,
  "view/fragment/grouptable.fragment.xml": 1750667631798,
  "view/Overview.view.xml": 1750834710864,
  "view/App.view.xml": 1750667631798,
  "css/style.css": 1750667631798,
  "index.html": 1750667631798
}