{
  "controller/App.controller.js": 1741957691576,
  "manifest.json": 1741957691247,
  "controller/App.controller.ts": 1740403493339,
  "controller/Overview.controller.ts": 1741957504024,
  "model/models.ts": 1740403493327,
  "Component.ts": 1740403493327,
  "controller/Overview.controller.js.map": 1741957691777,
  "controller/App.controller.js.map": 1741957691716,
  "model/models.js.map": 1741957691720,
  "Component.js.map": 1741957691720,
  "controller/Overview.controller.js": 1741957691576,
  "i18n/i18n.properties": 1740403493323,
  "model/models.js": 1741957691576,
  "Component.js": 1741957691576,
  "Component-dbg.js": 1741957691576,
  "Component-dbg.js.map": 1741957691584,
  "controller/App-dbg.controller.js": 1741957691576,
  "controller/App-dbg.controller.js.map": 1741957691587,
  "model/models-dbg.js": 1741957691576,
  "model/models-dbg.js.map": 1741957691588,
  "controller/Overview-dbg.controller.js": 1741957691576,
  "controller/Overview-dbg.controller.js.map": 1741957691588,
  "Component-preload.js": 1741957691845,
  "Component-preload.js.map": 1741957691845,
  "view/Overview.view.xml": 1740752635864,
  "view/App.view.xml": 1740403493339,
  "css/style.css": 1740403493339,
  "index.html": 1740403493323
}