{
  "controller/App.controller.ts": 1740403493339,
  "manifest.json": 1742388238967,
  "controller/Overview.controller.ts": 1742388128521,
  "model/models.ts": 1740403493327,
  "service/dataService.ts": 1741961081152,
  "i18n/i18n.properties": 1740403493323,
  "Component.ts": 1741962763282,
  "Component.js.map": 1742388239435,
  "model/models.js.map": 1742388239436,
  "service/dataService.js.map": 1742388239427,
  "controller/App.controller.js.map": 1742388239435,
  "controller/Overview.controller.js.map": 1742388239478,
  "Component.js": 1742388239312,
  "model/models.js": 1742388239312,
  "service/dataService.js": 1742388239312,
  "controller/App.controller.js": 1742388239312,
  "controller/Overview.controller.js": 1742388239312,
  "Component-dbg.js": 1742388239312,
  "Component-dbg.js.map": 1742388239321,
  "model/models-dbg.js": 1742388239312,
  "model/models-dbg.js.map": 1742388239323,
  "service/dataService-dbg.js": 1742388239312,
  "service/dataService-dbg.js.map": 1742388239324,
  "controller/App-dbg.controller.js": 1742388239312,
  "controller/App-dbg.controller.js.map": 1742388239324,
  "controller/Overview-dbg.controller.js": 1742388239312,
  "controller/Overview-dbg.controller.js.map": 1742388239325,
  "Component-preload.js": 1742388239556,
  "Component-preload.js.map": 1742388239556,
  "view/Overview.view.xml": 1742387497089,
  "view/App.view.xml": 1740403493339,
  "css/style.css": 1740403493339,
  "index.html": 1740403493323
}