{
  "controller/App.controller.js.map": 1742222749858,
  "manifest.json": 1742222749412,
  "model/models.ts": 1740403493327,
  "service/dataService.ts": 1741961081152,
  "controller/Overview.controller.ts": 1742222683824,
  "controller/App.controller.ts": 1740403493339,
  "Component.ts": 1741962763282,
  "model/models.js.map": 1742222749864,
  "service/dataService.js.map": 1742222749857,
  "controller/Overview.controller.js.map": 1742222749887,
  "i18n/i18n.properties": 1740403493323,
  "Component.js.map": 1742222749859,
  "model/models.js": 1742222749740,
  "service/dataService.js": 1742222749740,
  "controller/Overview.controller.js": 1742222749740,
  "controller/App.controller.js": 1742222749740,
  "Component.js": 1742222749740,
  "Component-dbg.js": 1742222749740,
  "Component-dbg.js.map": 1742222749748,
  "service/dataService-dbg.js": 1742222749740,
  "service/dataService-dbg.js.map": 1742222749752,
  "controller/Overview-dbg.controller.js": 1742222749740,
  "controller/Overview-dbg.controller.js.map": 1742222749753,
  "controller/App-dbg.controller.js": 1742222749740,
  "controller/App-dbg.controller.js.map": 1742222749753,
  "model/models-dbg.js": 1742222749740,
  "model/models-dbg.js.map": 1742222749754,
  "Component-preload.js": 1742222749961,
  "Component-preload.js.map": 1742222749961,
  "view/Overview.view.xml": 1741968475021,
  "view/App.view.xml": 1740403493339,
  "css/style.css": 1740403493339,
  "index.html": 1740403493323
}