{
  "controller/App-dbg.controller.js": 1741609005952,
  "manifest.json": 1741609005642,
  "controller/Overview.controller.ts": 1740755498626,
  "model/models.ts": 1740403493327,
  "controller/App.controller.ts": 1740403493339,
  "Component.ts": 1740403493327,
  "model/models.js.map": 1741609006075,
  "controller/Overview.controller.js.map": 1741609006095,
  "controller/App.controller.js.map": 1741609006077,
  "Component.js.map": 1741609006077,
  "model/models.js": 1741609005952,
  "controller/Overview.controller.js": 1741609005952,
  "controller/App.controller.js": 1741609005952,
  "Component.js": 1741609005952,
  "i18n/i18n.properties": 1740403493323,
  "controller/App-dbg.controller.js.map": 1741609005962,
  "controller/Overview-dbg.controller.js": 1741609005952,
  "controller/Overview-dbg.controller.js.map": 1741609005964,
  "model/models-dbg.js": 1741609005952,
  "model/models-dbg.js.map": 1741609005965,
  "Component-dbg.js": 1741609005952,
  "Component-dbg.js.map": 1741609005965,
  "Component-preload.js": 1741609006163,
  "Component-preload.js.map": 1741609006163,
  "view/Overview.view.xml": 1740752635864,
  "view/App.view.xml": 1740403493339,
  "css/style.css": 1740403493339,
  "index.html": 1740403493323
}