{
  "controller/Overview-dbg.controller.js.map": 1740746273691,
  "manifest.json": 1740746273364,
  "model/models.ts": 1740403493327,
  "controller/Overview.controller.ts": 1740566136142,
  "controller/App.controller.ts": 1740403493339,
  "Component.ts": 1740403493327,
  "controller/App.controller.js.map": 1740746273802,
  "controller/Overview.controller.js.map": 1740746273852,
  "model/models.js.map": 1740746273802,
  "Component.js.map": 1740746273800,
  "controller/App.controller.js": 1740746273679,
  "controller/Overview.controller.js": 1740746273679,
  "model/models.js": 1740746273680,
  "Component.js": 1740746273680,
  "model/models-dbg.js": 1740746273680,
  "model/models-dbg.js.map": 1740746273688,
  "controller/Overview-dbg.controller.js": 1740746273679,
  "i18n/i18n.properties": 1740403493323,
  "controller/App-dbg.controller.js": 1740746273679,
  "controller/App-dbg.controller.js.map": 1740746273692,
  "Component-dbg.js": 1740746273680,
  "Component-dbg.js.map": 1740746273692,
  "Component-preload.js": 1740746273919,
  "Component-preload.js.map": 1740746273919,
  "view/Overview.view.xml": 1740564913964,
  "view/App.view.xml": 1740403493339,
  "css/style.css": 1740403493339,
  "index.html": 1740403493323
}