{
  "service/dataService.js.map": 1742825968182,
  "manifest.json": 1742825967695,
  "controller/App.controller.ts": 1740403493339,
  "model/models.ts": 1740403493327,
  "controller/Overview.controller.ts": 1742825642524,
  "service/dataService.ts": 1741961081152,
  "Component.ts": 1741962763282,
  "controller/Overview.controller.js.map": 1742825968226,
  "model/models.js.map": 1742825968188,
  "controller/App.controller.js.map": 1742825968189,
  "i18n/i18n.properties": 1740403493323,
  "Component.js.map": 1742825968189,
  "controller/Overview.controller.js": 1742825968075,
  "model/models.js": 1742825968075,
  "controller/App.controller.js": 1742825968075,
  "service/dataService.js": 1742825968075,
  "Component.js": 1742825968075,
  "model/models-dbg.js": 1742825968075,
  "model/models-dbg.js.map": 1742825968084,
  "controller/Overview-dbg.controller.js": 1742825968075,
  "controller/Overview-dbg.controller.js.map": 1742825968087,
  "controller/App-dbg.controller.js": 1742825968075,
  "controller/App-dbg.controller.js.map": 1742825968087,
  "service/dataService-dbg.js": 1742825968075,
  "service/dataService-dbg.js.map": 1742825968088,
  "Component-dbg.js": 1742825968075,
  "Component-dbg.js.map": 1742825968088,
  "Component-preload.js": 1742825968307,
  "Component-preload.js.map": 1742825968307,
  "view/fragment/grouptable.fragment.xml": 1742565276933,
  "view/Overview.view.xml": 1742825283147,
  "view/App.view.xml": 1740403493339,
  "css/style.css": 1740403493339,
  "index.html": 1740403493323
}