{
  "controller/App.controller.js": 1741782506209,
  "manifest.json": 1741782505899,
  "controller/Overview.controller.ts": 1741774549710,
  "model/models.ts": 1740403493327,
  "controller/App.controller.ts": 1740403493339,
  "Component.ts": 1740403493327,
  "Component.js.map": 1741782506318,
  "model/models.js.map": 1741782506316,
  "controller/App.controller.js.map": 1741782506315,
  "controller/Overview.controller.js.map": 1741782506335,
  "Component.js": 1741782506209,
  "model/models.js": 1741782506209,
  "i18n/i18n.properties": 1740403493323,
  "controller/Overview.controller.js": 1741782506209,
  "controller/Overview-dbg.controller.js": 1741782506209,
  "controller/Overview-dbg.controller.js.map": 1741782506219,
  "model/models-dbg.js": 1741782506209,
  "model/models-dbg.js.map": 1741782506221,
  "controller/App-dbg.controller.js": 1741782506209,
  "controller/App-dbg.controller.js.map": 1741782506222,
  "Component-dbg.js": 1741782506209,
  "Component-dbg.js.map": 1741782506222,
  "Component-preload.js": 1741782506418,
  "Component-preload.js.map": 1741782506418,
  "view/Overview.view.xml": 1740752635864,
  "view/App.view.xml": 1740403493339,
  "css/style.css": 1740403493339,
  "index.html": 1740403493323
}