{
  "model/models.js.map": 1742561896543,
  "manifest.json": 1742561896001,
  "Component.ts": 1741962763282,
  "service/dataService.ts": 1741961081152,
  "controller/Overview.controller.ts": 1742561794222,
  "controller/App.controller.ts": 1740403493339,
  "model/models.ts": 1740403493327,
  "controller/Overview.controller.js.map": 1742561896612,
  "service/dataService.js.map": 1742561896533,
  "Component.js.map": 1742561896547,
  "controller/App.controller.js.map": 1742561896533,
  "i18n/i18n.properties": 1740403493323,
  "controller/Overview.controller.js": 1742561896346,
  "service/dataService.js": 1742561896346,
  "Component.js": 1742561896346,
  "controller/App.controller.js": 1742561896346,
  "model/models.js": 1742561896346,
  "controller/Overview-dbg.controller.js": 1742561896346,
  "controller/Overview-dbg.controller.js.map": 1742561896358,
  "service/dataService-dbg.js": 1742561896346,
  "service/dataService-dbg.js.map": 1742561896361,
  "Component-dbg.js": 1742561896346,
  "Component-dbg.js.map": 1742561896362,
  "controller/App-dbg.controller.js": 1742561896346,
  "controller/App-dbg.controller.js.map": 1742561896362,
  "model/models-dbg.js": 1742561896346,
  "model/models-dbg.js.map": 1742561896362,
  "Component-preload.js": 1742561896689,
  "Component-preload.js.map": 1742561896689,
  "view/Overview.view.xml": 1742394898539,
  "view/App.view.xml": 1740403493339,
  "css/style.css": 1740403493339,
  "index.html": 1740403493323
}