{
  "model/models-dbg.js.map": 1740582333660,
  "manifest.json": 1740582333341,
  "controller/App.controller.ts": 1740403493339,
  "controller/Overview.controller.ts": 1740566136142,
  "model/models.ts": 1740403493327,
  "Component.ts": 1740403493327,
  "Component.js.map": 1740582333751,
  "controller/Overview.controller.js.map": 1740582333768,
  "model/models.js.map": 1740582333750,
  "controller/App.controller.js.map": 1740582333750,
  "Component.js": 1740582333647,
  "controller/Overview.controller.js": 1740582333647,
  "model/models.js": 1740582333647,
  "controller/App.controller.js": 1740582333647,
  "controller/Overview-dbg.controller.js": 1740582333647,
  "controller/Overview-dbg.controller.js.map": 1740582333657,
  "Component-dbg.js": 1740582333647,
  "Component-dbg.js.map": 1740582333660,
  "model/models-dbg.js": 1740582333647,
  "i18n/i18n.properties": 1740403493323,
  "controller/App-dbg.controller.js": 1740582333647,
  "controller/App-dbg.controller.js.map": 1740582333661,
  "Component-preload.js": 1740582333852,
  "Component-preload.js.map": 1740582333852,
  "view/Overview.view.xml": 1740564913964,
  "view/App.view.xml": 1740403493339,
  "css/style.css": 1740403493339,
  "index.html": 1740403493323
}