{
  "controller/App-dbg.controller.js": 1741964693946,
  "manifest.json": 1741964693626,
  "service/dataService.ts": 1741961081152,
  "model/models.ts": 1740403493327,
  "controller/Overview.controller.ts": 1741963338524,
  "controller/App.controller.ts": 1740403493339,
  "Component.ts": 1741962763282,
  "model/models.js.map": 1741964694077,
  "service/dataService.js.map": 1741964694075,
  "controller/Overview.controller.js.map": 1741964694101,
  "controller/App.controller.js.map": 1741964694078,
  "Component.js.map": 1741964694082,
  "model/models.js": 1741964693946,
  "service/dataService.js": 1741964693946,
  "controller/Overview.controller.js": 1741964693946,
  "controller/App.controller.js": 1741964693946,
  "Component.js": 1741964693946,
  "service/dataService-dbg.js": 1741964693946,
  "service/dataService-dbg.js.map": 1741964693956,
  "model/models-dbg.js": 1741964693946,
  "model/models-dbg.js.map": 1741964693959,
  "controller/Overview-dbg.controller.js": 1741964693946,
  "controller/Overview-dbg.controller.js.map": 1741964693960,
  "i18n/i18n.properties": 1740403493323,
  "controller/App-dbg.controller.js.map": 1741964693960,
  "Component-dbg.js": 1741964693946,
  "Component-dbg.js.map": 1741964693961,
  "Component-preload.js": 1741964694171,
  "Component-preload.js.map": 1741964694171,
  "view/Overview.view.xml": 1740752635864,
  "view/App.view.xml": 1740403493339,
  "css/style.css": 1740403493339,
  "index.html": 1740403493323
}