{
  "Component-preload.js.map": 1756217098003,
  "manifest.json": 1756217096692,
  "controller/App.controller.ts": 1754479717732,
  "service/dataService.ts": 1755605523828,
  "model/models.ts": 1754479717736,
  "controller/Overview.controller.ts": 1756215375090,
  "service/exportService.ts": 1754479717736,
  "Component.ts": 1754479717732,
  "service/exportService.js.map": 1756217097754,
  "service/dataService.js.map": 1756217097756,
  "model/models.js.map": 1756217097718,
  "controller/Overview.controller.js.map": 1756217097775,
  "controller/App.controller.js.map": 1756217097722,
  "Component.js.map": 1756217097728,
  "service/exportService.js": 1756217097432,
  "service/dataService.js": 1756217097433,
  "model/models.js": 1756217097433,
  "controller/Overview.controller.js": 1756217097433,
  "controller/App.controller.js": 1756217097433,
  "Component.js": 1756217097433,
  "service/exportService-dbg.js": 1756217097432,
  "service/exportService-dbg.js.map": 1756217097444,
  "service/dataService-dbg.js": 1756217097433,
  "service/dataService-dbg.js.map": 1756217097448,
  "model/models-dbg.js": 1756217097433,
  "model/models-dbg.js.map": 1756217097448,
  "controller/Overview-dbg.controller.js": 1756217097433,
  "controller/Overview-dbg.controller.js.map": 1756217097449,
  "controller/App-dbg.controller.js": 1756217097433,
  "controller/App-dbg.controller.js.map": 1756217097450,
  "Component-dbg.js": 1756217097433,
  "Component-dbg.js.map": 1756217097450,
  "Component-preload.js": 1756217098003,
  "i18n/i18n.properties": 1754479717736,
  "view/fragments/UserTable.fragment.xml": 1756212856661,
  "view/fragments/UserDetails.fragment.xml": 1756215245462,
  "view/fragments/RoleCollections.fragment.xml": 1756214346931,
  "view/fragments/GroupTable.fragment.xml": 1756212911029,
  "view/fragments/GroupDetails.fragment.xml": 1756215287686,
  "view/Overview.view.xml": 1756201807734,
  "view/App.view.xml": 1754479717736,
  "css/style.css": 1754479717732,
  "index.html": 1754479717736
}