{
  "controller/View1-dbg.controller.js": 1741782502520,
  "manifest.json": 1741782502227,
  "Component.ts": 1740756964935,
  "controller/View1.controller.ts": 1741612138089,
  "controller/App.controller.ts": 1740756964939,
  "model/models.ts": 1740756964939,
  "controller/View1.controller.js.map": 1741782502659,
  "Component.js.map": 1741782502625,
  "controller/App.controller.js.map": 1741782502625,
  "model/models.js.map": 1741782502626,
  "controller/View1.controller.js": 1741782502520,
  "Component.js": 1741782502521,
  "controller/App.controller.js": 1741782502521,
  "model/models.js": 1741782502521,
  "Component-dbg.js": 1741782502521,
  "Component-dbg.js.map": 1741782502529,
  "i18n/i18n.properties": 1740756964931,
  "controller/View1-dbg.controller.js.map": 1741782502533,
  "controller/App-dbg.controller.js": 1741782502521,
  "controller/App-dbg.controller.js.map": 1741782502534,
  "model/models-dbg.js": 1741782502521,
  "model/models-dbg.js.map": 1741782502534,
  "Component-preload.js": 1741782502722,
  "Component-preload.js.map": 1741782502722,
  "view/View1.view.xml": 1740757099581,
  "view/App.view.xml": 1740756964943,
  "css/style.css": 1740756964943,
  "index.html": 1740756964931
}