{
  "index.html": 1740756964931,
  "manifest.json": 1741609002027,
  "Component.ts": 1740756964935,
  "controller/View1.controller.ts": 1741359425646,
  "controller/App.controller.ts": 1740756964939,
  "model/models.ts": 1740756964939,
  "Component.js.map": 1741609002449,
  "controller/View1.controller.js.map": 1741609002463,
  "controller/App.controller.js.map": 1741609002454,
  "model/models.js.map": 1741609002424,
  "Component.js": 1741609002320,
  "controller/View1.controller.js": 1741609002320,
  "controller/App.controller.js": 1741609002320,
  "model/models.js": 1741609002320,
  "model/models-dbg.js": 1741609002320,
  "model/models-dbg.js.map": 1741609002328,
  "controller/View1-dbg.controller.js": 1741609002320,
  "controller/View1-dbg.controller.js.map": 1741609002332,
  "controller/App-dbg.controller.js": 1741609002320,
  "controller/App-dbg.controller.js.map": 1741609002333,
  "Component-dbg.js": 1741609002320,
  "Component-dbg.js.map": 1741609002333,
  "Component-preload.js": 1741609002524,
  "Component-preload.js.map": 1741609002524,
  "view/View1.view.xml": 1740757099581,
  "view/App.view.xml": 1740756964943,
  "css/style.css": 1740756964943,
  "i18n/i18n.properties": 1740756964931
}