{
  "i18n/i18n.properties": 1741175870277,
  "manifest.json": 1741609009260,
  "controller/App.controller.ts": 1741175870285,
  "controller/View1.controller.ts": 1741175915502,
  "model/models.ts": 1741175870281,
  "Component.ts": 1741175870281,
  "Component.js.map": 1741609009675,
  "controller/View1.controller.js.map": 1741609009677,
  "model/models.js.map": 1741609009674,
  "controller/App.controller.js.map": 1741609009668,
  "Component.js": 1741609009541,
  "controller/View1.controller.js": 1741609009541,
  "model/models.js": 1741609009541,
  "controller/App.controller.js": 1741609009541,
  "model/models-dbg.js": 1741609009541,
  "model/models-dbg.js.map": 1741609009553,
  "controller/View1-dbg.controller.js": 1741609009541,
  "controller/View1-dbg.controller.js.map": 1741609009556,
  "Component-dbg.js": 1741609009541,
  "Component-dbg.js.map": 1741609009556,
  "controller/App-dbg.controller.js": 1741609009541,
  "controller/App-dbg.controller.js.map": 1741609009557,
  "Component-preload.js": 1741609009736,
  "Component-preload.js.map": 1741609009736,
  "view/View1.view.xml": 1741175941498,
  "view/App.view.xml": 1741175870289,
  "css/style.css": 1741175870285,
  "index.html": 1741175870273
}